"PersonaCode","Persona","Rank","SchemeCode","Scheme","MatchScore","Category"
"LLL","Realistic Guardian","1","107578","Mirae Asset Large Cap Fund - Regular Plan - Growth","97","Equity Schemes"
"LLL","Realistic Guardian","2","108799","BANDHAN Large Cap Fund - Regular Plan - Growth","93","Equity Scheme"
"LLL","Realistic Guardian","3","113221","CANARA ROBECO LARGE CAP FUND - REGULAR PLAN - GROWTH OPTION","92","Equity Schemes"
"LLL","Realistic Guardian","4","145112","Axis Large & Mid Cap Fund - Regular Plan - Growth","91","Equity Schemes"
"LLL","Realistic Guardian","5","133836","PGIM India Flexi Cap Fund - Regular Plan - Growth Option","91","Equity Scheme"
"LLL","Realistic Guardian","6","108466","ICICI Prudential Large Cap Fund (erstwhile Bluechip Fund)  - Growth","91","Equity Scheme"
"LLL","Realistic Guardian","7","102000","HDFC Large Cap Fund - Growth Option - Regular Plan","90","Equity Scheme"
"LLL","Realistic Guardian","8","138308","PGIM India Large Cap Fund - Growth","90","Equity Scheme"
"LLL","Realistic Guardian","9","112277","Axis Large Cap Fund - Regular Plan - Growth","89","Equity Schemes"
"LLL","Realistic Guardian","10","122640","Parag Parikh Flexi Cap Fund - Regular Plan - Growth","89","Equity Scheme"
"LHL","Prudent Treasurer","1","107578","Mirae Asset Large Cap Fund - Regular Plan - Growth","97","Equity Schemes"
"LHL","Prudent Treasurer","2","145112","Axis Large & Mid Cap Fund - Regular Plan - Growth","95","Equity Schemes"
"LHL","Prudent Treasurer","3","108799","BANDHAN Large Cap Fund - Regular Plan - Growth","94","Equity Scheme"
"LHL","Prudent Treasurer","4","133836","PGIM India Flexi Cap Fund - Regular Plan - Growth Option","92","Equity Scheme"
"LHL","Prudent Treasurer","5","150583","WhiteOak Capital Mid Cap Fund Regular Plan Growth","91","Equity Schemes"
"LHL","Prudent Treasurer","6","113221","CANARA ROBECO LARGE CAP FUND - REGULAR PLAN - GROWTH OPTION","91","Equity Schemes"
"LHL","Prudent Treasurer","7","138308","PGIM India Large Cap Fund - Growth","91","Equity Scheme"
"LHL","Prudent Treasurer","8","108466","ICICI Prudential Large Cap Fund (erstwhile Bluechip Fund)  - Growth","90","Equity Scheme"
"LHL","Prudent Treasurer","9","122640","Parag Parikh Flexi Cap Fund - Regular Plan - Growth","90","Equity Scheme"
"LHL","Prudent Treasurer","10","112277","Axis Large Cap Fund - Regular Plan - Growth","89","Equity Schemes"
"HLL","Inspiring Storyteller","1","107578","Mirae Asset Large Cap Fund - Regular Plan - Growth","97","Equity Schemes"
"HLL","Inspiring Storyteller","2","108799","BANDHAN Large Cap Fund - Regular Plan - Growth","96","Equity Scheme"
"HLL","Inspiring Storyteller","3","145112","Axis Large & Mid Cap Fund - Regular Plan - Growth","96","Equity Schemes"
"HLL","Inspiring Storyteller","4","133836","PGIM India Flexi Cap Fund - Regular Plan - Growth Option","93","Equity Scheme"
"HLL","Inspiring Storyteller","5","113221","CANARA ROBECO LARGE CAP FUND - REGULAR PLAN - GROWTH OPTION","91","Equity Schemes"
"HLL","Inspiring Storyteller","6","122640","Parag Parikh Flexi Cap Fund - Regular Plan - Growth","90","Equity Scheme"
"HLL","Inspiring Storyteller","7","112277","Axis Large Cap Fund - Regular Plan - Growth","89","Equity Schemes"
"HLL","Inspiring Storyteller","8","151110","HSBC Value Fund - Regular Growth","89","Equity Schemes"
"HLL","Inspiring Storyteller","9","108466","ICICI Prudential Large Cap Fund (erstwhile Bluechip Fund)  - Growth","89","Equity Scheme"
"HLL","Inspiring Storyteller","10","150583","WhiteOak Capital Mid Cap Fund Regular Plan Growth","88","Equity Schemes"
"HHL","Noble Diplomat","1","145112","Axis Large & Mid Cap Fund - Regular Plan - Growth","97","Equity Schemes"
"HHL","Noble Diplomat","2","150583","WhiteOak Capital Mid Cap Fund Regular Plan Growth","93","Equity Schemes"
"HHL","Noble Diplomat","3","133836","PGIM India Flexi Cap Fund - Regular Plan - Growth Option","92","Equity Scheme"
"HHL","Noble Diplomat","4","108799","BANDHAN Large Cap Fund - Regular Plan - Growth","91","Equity Scheme"
"HHL","Noble Diplomat","5","147748","Union Large & Midcap Fund - Regular Plan - Growth Option","91","Equity Scheme"
"HHL","Noble Diplomat","6","141927","Axis Flexi Cap Fund - Regular Plan - Growth","89","Equity Schemes"
"HHL","Noble Diplomat","7","107578","Mirae Asset Large Cap Fund - Regular Plan - Growth","89","Equity Schemes"
"HHL","Noble Diplomat","8","112277","Axis Large Cap Fund - Regular Plan - Growth","88","Equity Schemes"
"HHL","Noble Diplomat","9","113221","CANARA ROBECO LARGE CAP FUND - REGULAR PLAN - GROWTH OPTION","88","Equity Schemes"
"HHL","Noble Diplomat","10","115270","Union Flexi Cap Fund - Growth Option","88","Equity Scheme"
"LHH","Masterful Strategist","1","150583","WhiteOak Capital Mid Cap Fund Regular Plan Growth","97","Equity Schemes"
"LHH","Masterful Strategist","2","145112","Axis Large & Mid Cap Fund - Regular Plan - Growth","96","Equity Schemes"
"LHH","Masterful Strategist","3","145677","BANK OF INDIA Small Cap Fund Regular Plan Growth","92","Equity Scheme"
"LHH","Masterful Strategist","4","108799","BANDHAN Large Cap Fund - Regular Plan - Growth","91","Equity Scheme"
"LHH","Masterful Strategist","5","133513","Aditya Birla Sun Life Manufacturing Equity Fund - Regular Plan - Growth","91","Equity Scheme"
"LHH","Masterful Strategist","6","142109","Mahindra Manulife Mid Cap Fund - Regular Plan - Growth","90","Equity Schemes"
"LHH","Masterful Strategist","7","129647","Union Small Cap Fund - Regular Plan - Growth Option","89","Equity Scheme"
"LHH","Masterful Strategist","8","147748","Union Large & Midcap Fund - Regular Plan - Growth Option","89","Equity Scheme"
"LHH","Masterful Strategist","9","122387","Motilal Oswal Focused Fund - Regular Plan Growth Option","88","Equity Scheme"
"LHH","Masterful Strategist","10","152016","LIC MF Value Fund-Regular Plan-Growth","88","Equity Scheme"
"LLH","Enigmatic Sage","1","108799","BANDHAN Large Cap Fund - Regular Plan - Growth","97","Equity Scheme"
"LLH","Enigmatic Sage","2","145677","BANK OF INDIA Small Cap Fund Regular Plan Growth","93","Equity Scheme"
"LLH","Enigmatic Sage","3","150583","WhiteOak Capital Mid Cap Fund Regular Plan Growth","93","Equity Schemes"
"LLH","Enigmatic Sage","4","151034","HSBC Midcap Fund - Regular Growth","93","Equity Schemes"
"LLH","Enigmatic Sage","5","142109","Mahindra Manulife Mid Cap Fund - Regular Plan - Growth","92","Equity Schemes"
"LLH","Enigmatic Sage","6","145112","Axis Large & Mid Cap Fund - Regular Plan - Growth","91","Equity Schemes"
"LLH","Enigmatic Sage","7","146771","HSBC Large & Mid Cap Fund - Regular Growth","90","Equity Schemes"
"LLH","Enigmatic Sage","8","122387","Motilal Oswal Focused Fund - Regular Plan Growth Option","88","Equity Scheme"
"LLH","Enigmatic Sage","9","152016","LIC MF Value Fund-Regular Plan-Growth","87","Equity Scheme"
"LLH","Enigmatic Sage","10","149167","Axis Value Fund - Regular Plan - Growth","87","Equity Schemes"
"HLH","Supreme Ruler","1","150583","WhiteOak Capital Mid Cap Fund Regular Plan Growth","97","Equity Schemes"
"HLH","Supreme Ruler","2","145677","BANK OF INDIA Small Cap Fund Regular Plan Growth","96","Equity Scheme"
"HLH","Supreme Ruler","3","142109","Mahindra Manulife Mid Cap Fund - Regular Plan - Growth","92","Equity Schemes"
"HLH","Supreme Ruler","4","129647","Union Small Cap Fund - Regular Plan - Growth Option","91","Equity Scheme"
"HLH","Supreme Ruler","5","145112","Axis Large & Mid Cap Fund - Regular Plan - Growth","91","Equity Schemes"
"HLH","Supreme Ruler","6","152016","LIC MF Value Fund-Regular Plan-Growth","89","Equity Scheme"
"HLH","Supreme Ruler","7","147920","ITI Small Cap Fund - Regular Plan - Growth Option","89","Equity Scheme"
"HLH","Supreme Ruler","8","122387","Motilal Oswal Focused Fund - Regular Plan Growth Option","88","Equity Scheme"
"HLH","Supreme Ruler","9","149167","Axis Value Fund - Regular Plan - Growth","87","Equity Schemes"
"HLH","Supreme Ruler","10","147748","Union Large & Midcap Fund - Regular Plan - Growth Option","86","Equity Scheme"
"HHH","Bold Pioneer","1","145677","BANK OF INDIA Small Cap Fund Regular Plan Growth","97","Equity Scheme"
"HHH","Bold Pioneer","2","152084","HDFC Pharma and Healthcare Fund - Growth Option","94","Equity Scheme"
"HHH","Bold Pioneer","3","147920","ITI Small Cap Fund - Regular Plan - Growth Option","90","Equity Scheme"
"HHH","Bold Pioneer","4","133513","Aditya Birla Sun Life Manufacturing Equity Fund - Regular Plan - Growth","90","Equity Scheme"
"HHH","Bold Pioneer","5","100807","UTI Healthcare Fund - Regular Plan - Growth Option","90","Equity Scheme"
"HHH","Bold Pioneer","6","122387","Motilal Oswal Focused Fund - Regular Plan Growth Option","89","Equity Scheme"
"HHH","Bold Pioneer","7","152016","LIC MF Value Fund-Regular Plan-Growth","89","Equity Scheme"
"HHH","Bold Pioneer","8","129647","Union Small Cap Fund - Regular Plan - Growth Option","89","Equity Scheme"
"HHH","Bold Pioneer","9","150583","WhiteOak Capital Mid Cap Fund Regular Plan Growth","89","Equity Schemes"
"HHH","Bold Pioneer","10","142109","Mahindra Manulife Mid Cap Fund - Regular Plan - Growth","89","Equity Schemes"
